Time,gene_1,gene_2,gene_3,gene_4,gene_5,gene_6,gene_7,gene_8,gene_9,gene_10,gene_11,gene_12,gene_13,gene_14,gene_15
0.000205284835906822,0,0,0,0,0,0,0,0,0,0,0,0,0,0,0
0.0144799171656267,0,0,0,0,0,0,0,0,0,0,0,0,0,0,0
0.0225445766944175,0,0,0,0,0,0,0,0,0,0,0,0,0,0,0
0.0229006776163748,0,0,0,0,0,0,0,0,0,0,0,0,0,0,0
0.0233360576306939,0,0,0,0,0,0,0,0,0,0,0,0,0,0,0
0.025324672086905,0,0,0,0,0,0,0,0,0,0,0,0,0,0,0
0.0254098185417598,0,0,0,0,0,0,0,0,0,0,0,0,0,0,0
0.0304072455580232,0,0,0,0,0,0,0,0,0,0,0,0,0,0,0
0.0306707738973824,0,0,0,0,0,0,0,0,0,0,0,0,0,0,0
0.031087874263417,0,0,0,0,0,0,0,0,0,0,0,0,0,0,0
0.0422575340138268,0,1,0,1,0,0,0,0,0,0,0,0,0,0,0
0.0424156686524592,0,0,1,0,0,0,0,0,0,0,0,0,0,0,0
0.0443250770749416,0,0,0,0,0,0,0,0,0,0,0,0,0,0,0
0.0447353505318021,0,0,0,0,0,0,0,0,0,0,0,0,0,0,0
0.0536918301316298,0,0,0,0,0,0,0,0,0,0,0,0,0,0,0
0.0639986761672601,0,1,0,0,0,0,0,0,0,0,0,0,0,0,0
0.0644109889808938,0,0,0,0,0,0,0,0,0,0,0,0,0,0,0
0.068435898819759,0,0,0,0,0,0,0,0,0,0,0,0,0,0,0
0.0700124916025723,1,0,0,0,0,0,0,0,0,0,0,0,0,0,0
0.0709928634382586,0,1,0,0,0,1,0,0,0,0,0,0,0,0,0
0.0751944973575798,0,0,0,0,0,0,0,0,0,0,0,0,0,0,0
0.0755239341410418,0,0,0,0,0,0,0,0,0,0,0,0,0,0,0
0.0755819842326532,0,0,0,0,0,0,0,0,0,0,0,0,0,0,0
0.0812684404425137,0,0,0,0,0,0,0,0,0,0,0,0,0,0,0
0.0897048873502939,0,0,0,0,0,0,0,0,0,0,0,0,0,0,0
0.0902564594861223,0,1,1,0,0,0,0,0,0,0,0,0,0,0,0
0.0963530331265118,0,0,0,0,0,0,0,0,0,0,0,0,0,0,0
0.0988379394152499,0,0,0,0,0,0,0,0,0,0,0,0,0,0,0
0.102087310436857,0,0,0,0,0,0,0,0,0,0,0,0,0,0,0
0.103850295224436,0,0,0,0,0,0,0,0,0,0,0,0,0,0,0
0.110042063989139,0,0,0,0,0,0,0,0,0,0,0,0,0,0,0
0.113865625401857,0,0,0,0,0,0,0,0,0,0,0,0,0,0,0
0.115361339709373,0,0,0,0,0,0,0,0,0,0,0,0,0,0,0
0.116446485874639,0,0,0,1,0,0,0,0,0,0,0,0,0,0,0
0.118853450248039,0,0,0,0,0,0,0,0,0,0,0,0,0,0,0
0.120630885314518,0,0,0,1,0,0,0,0,0,0,0,0,0,0,0
0.121679289946666,0,0,0,0,0,0,0,0,0,0,0,0,0,0,0
0.12508403490103,0,0,0,0,0,0,0,0,0,0,0,0,0,0,0
0.125352367594915,0,0,0,0,0,0,0,0,0,0,0,0,0,0,0
0.128027735346566,0,0,0,0,0,0,0,0,0,0,0,0,0,0,0
0.13287375417349,0,0,0,0,0,0,0,0,0,0,0,0,0,0,0
0.134315978202022,1,1,0,0,0,1,0,0,0,0,0,0,0,0,0
0.135288157800654,0,0,0,0,0,0,0,0,0,0,0,0,0,0,0
0.140802148467741,0,0,0,0,0,0,0,0,0,0,0,0,0,0,0
0.14085716618413,0,0,0,0,0,0,0,0,0,0,0,0,0,0,0
0.144679263611952,0,0,0,0,0,0,0,0,0,0,0,0,0,0,0
0.146472558622091,0,0,0,0,0,0,0,0,0,0,0,0,0,0,0
0.146804078838869,0,0,0,0,0,0,0,0,0,0,0,0,0,0,0
0.147944568201478,0,0,0,0,0,0,0,0,0,0,0,0,0,0,0
0.152608925257608,1,0,0,0,0,0,0,0,0,0,0,0,0,0,0
0.154615865751623,0,0,0,0,0,0,0,0,0,0,0,0,0,0,0
0.155367113725017,0,0,0,0,0,0,0,0,0,0,0,0,0,0,0
0.162009817256518,0,0,0,1,0,0,0,0,0,0,0,0,0,0,0
0.162670793099276,0,1,0,0,0,0,0,0,0,0,0,0,0,0,0
0.164996189694936,0,0,1,0,0,0,0,0,0,0,0,0,0,0,0
0.171270467939369,0,0,0,0,0,0,0,0,0,0,0,0,0,0,0
0.171782671234986,1,0,0,1,0,0,0,0,0,0,0,0,0,0,0
0.172329044115097,0,1,1,0,0,0,0,0,0,0,0,0,0,0,0
0.17386042367774,0,0,0,1,0,0,0,0,0,0,0,0,0,0,0
0.174079208067383,0,0,0,0,0,0,0,0,0,0,0,0,0,0,0
0.175379616769216,0,0,0,0,0,0,0,0,0,0,0,0,0,0,0
0.176527541621178,0,0,0,0,0,0,0,0,0,0,0,0,0,0,0
0.17816580505823,1,1,0,0,0,0,0,0,0,0,0,0,0,0,0
0.181374394986244,0,0,0,0,0,0,0,0,0,0,0,0,0,0,0
0.182606234689549,0,0,0,0,0,0,0,0,0,0,0,0,0,0,0
0.18353974580282,0,0,0,0,0,0,0,0,0,0,0,0,0,0,0
0.186961635671793,0,1,0,1,0,1,0,0,0,0,0,0,0,0,0
0.192936981265285,0,0,0,0,0,0,0,0,0,0,0,0,0,0,0
0.193316996143726,0,0,1,0,0,0,0,0,0,0,0,0,0,0,0
0.19644199413743,0,0,0,0,0,0,0,0,0,0,0,0,0,0,0
0.200661528403063,0,0,0,0,0,0,0,0,0,0,0,0,0,0,0
0.20826081085085,1,0,0,0,0,0,0,0,0,0,0,0,0,0,0
0.211514784244441,1,0,0,0,0,0,0,0,0,0,0,0,0,0,0
0.217166830765321,1,1,0,0,0,0,0,0,0,0,0,0,0,0,0
0.218559787392967,0,0,0,1,0,0,0,0,0,0,0,0,0,0,0
0.220692488246401,1,0,1,0,0,0,0,0,0,0,0,0,0,0,0
0.223033170281767,0,0,0,0,0,0,0,0,0,0,0,0,0,0,0
0.223314269676946,0,0,0,0,0,0,0,0,0,0,0,0,0,0,0
0.223371328973233,1,0,0,1,0,0,0,0,0,0,0,0,0,0,0
0.224139004347129,0,0,0,0,0,0,0,0,0,0,0,0,0,0,0
0.22440291907401,0,0,0,0,0,0,0,0,0,0,0,0,0,0,0
0.225295776769263,0,1,0,1,0,0,0,0,0,0,0,0,0,0,0
0.226155241031583,0,0,1,0,0,0,0,0,0,0,0,0,0,0,0
0.226899236433694,0,0,0,0,0,0,0,0,0,0,0,0,0,0,0
0.232579231925372,0,0,1,0,0,0,0,0,0,0,0,0,0,0,0
0.238553093644733,0,1,1,0,0,1,0,0,0,0,0,0,0,0,0
0.23922244732595,0,0,0,0,0,0,0,0,0,0,0,0,0,0,0
0.24007962459673,0,1,0,0,0,0,0,0,0,0,0,0,0,0,0
0.245390216001749,0,1,0,0,0,0,0,0,0,0,0,0,0,0,0
0.245685928303414,0,0,1,0,0,0,0,0,0,0,0,0,0,0,0
0.25233656771239,0,0,1,0,0,0,0,0,0,0,0,0,0,0,0
0.252914355130737,1,0,0,1,0,0,0,0,0,0,0,0,0,0,0
0.25424804541671,1,0,0,0,0,0,0,0,0,0,0,0,0,0,0
0.254354783307654,1,0,0,0,0,0,0,0,0,0,0,0,0,0,0
0.256624639621197,0,0,1,0,0,0,0,0,0,0,0,0,0,0,0
0.258778140283989,0,1,0,0,0,0,0,0,0,0,0,0,0,0,0
0.263591350148184,1,1,0,0,0,0,0,0,0,0,0,0,0,0,0
0.264714483263816,0,0,0,0,0,0,0,0,0,0,0,0,0,0,0
0.269145239313465,0,0,1,0,0,0,0,0,0,0,0,0,0,0,0
0.278286851736986,0,0,0,0,0,0,0,0,0,0,0,0,0,0,0
0.286345680249147,0,0,1,0,0,0,0,0,0,0,0,0,0,0,0
0.289066217421921,0,0,0,1,0,0,0,0,0,0,0,0,0,0,0
0.292221123869708,0,1,0,0,1,0,0,0,0,0,0,0,0,0,0
0.2945407183136,0,0,0,1,0,0,0,0,0,0,0,0,0,0,0
0.296948137691877,0,0,1,0,0,0,0,0,0,0,0,0,0,0,0
0.297779994049455,0,0,0,0,0,0,0,0,0,0,0,0,0,0,0
0.297881703091028,0,0,1,0,0,0,0,0,0,0,0,0,0,0,0
0.299456582380974,0,0,0,1,0,0,0,0,0,0,0,0,0,0,0
0.301566046514289,0,0,1,0,0,0,0,0,0,0,0,0,0,0,0
0.313221635603861,0,1,1,0,0,0,0,0,0,0,0,0,0,0,0
0.316938594677018,0,1,0,0,0,0,0,0,0,0,0,0,0,0,0
0.322224512953293,1,1,0,1,0,0,0,0,0,0,0,0,0,0,0
0.322789659824973,0,1,1,0,0,0,0,0,0,0,0,0,0,0,0
0.328554256529881,1,0,1,1,0,0,0,0,0,0,0,0,0,0,0
0.331045043072597,0,1,1,0,0,0,0,0,0,0,0,0,0,0,0
0.332110842904436,0,1,0,0,0,1,0,0,0,0,0,0,0,0,0
0.333660791820126,0,0,1,1,0,0,0,0,0,0,0,0,0,0,0
0.33395097861151,0,1,0,0,0,0,0,0,0,0,0,0,0,0,0
0.335323932655662,0,0,0,1,0,0,0,0,0,0,0,0,0,0,0
0.33570803889944,0,1,0,0,0,0,0,0,0,0,0,0,0,0,0
0.337809955201456,0,0,1,1,0,0,0,0,0,0,0,0,0,0,0
0.33983350721372,0,1,0,0,0,0,0,0,0,0,0,0,0,0,0
0.341453547824886,0,0,0,0,0,0,0,0,0,0,0,0,0,0,0
0.359489582501683,0,0,1,0,0,0,0,0,0,0,0,0,0,0,0
0.363497307304703,0,1,0,1,0,0,0,0,0,0,0,0,0,0,0
0.364864706166907,0,0,0,1,0,0,0,0,0,0,0,0,0,0,0
0.365377180750653,0,1,1,0,0,1,0,0,0,0,0,0,0,0,0
0.365534927660494,0,0,1,0,0,0,0,0,0,0,0,0,0,0,0
0.369875306963151,0,1,0,0,1,0,0,0,0,0,0,0,0,0,0
0.373585715807499,0,1,0,1,0,0,0,0,0,0,0,0,0,0,0
0.375209078020741,0,0,0,0,0,0,0,0,0,0,0,0,0,0,0
0.380904095235109,0,1,1,0,0,1,0,0,0,0,0,0,0,0,0
0.38968200603797,0,0,1,0,0,0,0,0,0,0,0,0,0,0,0
0.390682987111393,1,0,1,1,0,0,0,0,0,0,0,0,0,0,0
0.395455282827455,0,1,0,0,0,1,0,0,0,0,0,0,0,0,0
0.398461978874299,0,1,0,1,0,0,0,0,0,0,0,0,0,0,0
0.409189885118611,0,1,0,0,0,0,0,0,0,0,0,0,0,0,0
0.409311687140043,0,0,1,0,0,1,0,0,0,0,0,0,0,0,0
0.412009422225971,0,1,0,0,0,0,0,0,0,0,0,0,0,0,0
0.418011432953075,1,0,0,0,0,0,0,0,0,0,0,0,0,0,0
0.41951104324588,0,1,0,0,0,0,0,0,0,0,0,0,0,0,0
0.422549434992328,1,1,0,1,0,0,0,0,0,0,0,0,1,0,0
0.42264545610422,1,0,1,0,0,0,0,0,0,0,0,0,0,0,0
0.425952818199575,1,1,1,0,0,1,0,0,0,0,0,0,0,0,0
0.434304182596949,1,1,0,0,0,0,0,0,0,0,0,0,0,0,0
0.437343325538448,0,1,0,1,0,0,0,0,0,0,0,0,0,0,0
0.441977166548907,1,1,0,0,0,0,0,0,0,0,0,0,0,0,0
0.446643502374864,0,0,1,1,0,0,0,0,0,0,0,0,0,0,0
0.448159191679033,0,0,0,1,0,0,0,0,0,0,0,0,0,0,0
0.449283360259847,0,0,0,0,0,1,0,0,0,0,0,0,0,0,0
0.45200534774663,1,1,0,0,0,0,0,0,0,0,0,0,0,0,0
0.453536635033257,0,0,0,0,0,0,0,0,0,0,0,0,0,0,0
0.46207150027968,0,0,1,1,0,0,0,0,0,0,0,0,0,0,0
0.463047377529176,1,0,0,0,0,0,0,0,0,0,0,0,0,0,0
0.463405671029719,0,0,0,0,0,0,0,0,0,0,0,0,0,0,1
0.463915063617836,0,1,0,0,0,1,0,0,0,0,0,0,0,0,0
0.464489578739324,0,0,1,1,0,0,0,0,0,0,0,0,0,0,0
0.466497434982107,0,0,0,0,0,0,0,0,0,0,0,0,1,0,0
0.467549098205855,0,0,0,1,0,0,0,0,0,0,0,0,0,0,0
0.4739567645048,0,1,1,1,0,0,0,0,0,0,0,0,0,0,0
0.4853612966407,1,1,1,1,0,0,0,0,0,0,0,0,0,0,0
0.486544904753653,1,1,1,1,1,0,0,0,0,0,0,0,0,0,0
0.489282314614259,0,0,1,1,0,0,0,0,0,0,0,0,0,0,0
0.493399475039059,0,0,1,0,0,0,0,0,0,0,0,0,0,0,0
0.496426792534205,0,0,0,1,0,0,0,0,0,0,0,0,0,0,0
0.496499950290433,1,0,0,0,0,0,0,0,0,0,0,0,0,0,0
0.500175635912355,0,0,0,1,0,0,0,0,0,0,0,0,0,0,0
0.503600775876233,0,0,0,0,0,0,0,0,0,0,0,0,0,0,0
0.504031505542234,0,0,1,0,0,0,0,0,0,0,0,0,0,0,0
0.507631822089438,1,0,0,0,0,0,0,0,0,0,0,0,0,0,0
0.50873051732328,0,0,0,0,0,0,0,0,0,0,0,0,0,0,0
0.509934883688053,0,1,1,1,1,1,0,0,0,0,0,0,0,0,0
0.510852299660508,1,0,1,1,0,0,0,0,0,0,0,0,0,0,0
0.511027458229018,0,1,1,0,0,1,0,0,0,0,0,0,0,0,0
0.512761735546193,0,1,0,0,0,1,0,0,0,0,0,0,0,1,0
0.514600154262761,1,0,1,0,0,0,0,0,0,0,0,0,0,0,0
0.514648673138131,0,1,0,0,0,1,1,0,0,1,0,0,0,0,0
0.516087734545299,0,0,1,1,0,0,0,0,0,0,0,0,0,0,0
0.518351361239058,1,0,1,1,0,0,0,0,0,0,0,0,0,1,0
0.525309488498119,1,1,0,0,0,0,0,0,0,0,0,0,0,0,0
0.532879150778657,1,1,1,0,1,0,0,0,0,0,0,0,0,0,0
0.538607322297734,0,0,1,0,0,1,0,0,0,0,0,0,0,0,0
0.538723042040074,1,0,0,1,0,0,0,0,0,0,0,0,0,0,0
0.540961653586398,1,0,1,1,0,0,0,0,0,0,0,0,0,0,0
0.544475346452782,1,1,0,1,0,0,0,0,0,0,0,0,0,0,0
0.547502443225503,1,1,0,0,0,1,0,0,0,0,0,0,0,0,0
0.549338856173159,0,1,0,0,0,0,0,1,0,0,0,0,0,0,0
0.554924240556259,1,1,1,1,0,0,0,0,0,0,0,0,0,0,0
0.565239440825265,0,1,1,0,1,0,0,0,0,0,0,0,0,0,0
0.565395545725138,1,1,1,0,1,0,0,0,0,0,0,0,0,0,0
0.566738283802849,1,1,1,1,1,0,0,0,0,0,0,0,0,0,0
0.568633420396666,1,1,0,1,0,0,0,0,0,0,0,0,0,0,0
0.570594722286155,1,0,0,0,0,0,0,0,0,0,0,0,0,0,0
0.571590224156437,1,0,0,1,0,1,0,0,0,0,0,0,0,0,0
0.572258311113064,1,1,0,0,0,0,0,0,0,0,0,0,0,0,0
0.573388063342942,0,1,1,1,0,0,0,0,0,0,0,0,0,0,0
0.574856934806152,0,1,0,0,0,1,0,0,0,0,0,0,0,0,0
0.576148577775851,0,1,0,0,0,0,0,0,0,0,0,0,0,0,0
0.581777553357667,0,0,1,0,0,0,0,0,0,0,0,0,0,0,0
0.582493235405746,0,0,1,1,0,0,0,0,0,0,0,0,0,0,0
0.583933652721736,1,0,1,1,0,0,0,0,0,0,0,0,0,0,0
0.591603392150382,0,0,1,0,0,0,0,0,0,0,0,0,0,0,0
0.592103688177438,1,0,0,1,0,0,0,0,0,0,0,0,0,0,0
0.593098980981857,0,1,1,1,0,1,0,0,0,0,0,0,0,0,0
0.59395572989435,1,0,0,0,0,0,0,0,0,0,0,0,0,0,0
0.600760409499689,0,0,1,0,0,0,0,0,0,0,0,0,0,0,0
0.60161599546233,1,0,1,1,0,0,0,0,0,0,0,0,0,0,0
0.60187067075052,1,0,1,1,0,0,0,0,0,0,0,0,0,0,0
0.604798517971376,0,1,0,0,0,0,0,0,0,0,0,0,0,0,0
0.605301889793385,0,1,1,0,0,0,0,0,0,0,0,0,0,0,0
0.619751209710657,1,1,0,1,0,0,0,0,0,1,0,0,0,0,0
0.622192569924011,1,1,1,1,0,1,1,0,0,0,0,0,0,0,0
0.624737372231144,1,0,1,0,0,0,1,0,0,0,0,0,0,0,0
0.62627580633779,1,0,0,1,0,0,0,0,0,0,0,0,0,0,0
0.628946596807994,1,1,0,0,0,0,0,0,0,0,0,0,1,0,0
0.632341833117605,1,1,1,0,1,0,0,0,0,0,0,0,0,0,0
0.635697015212402,1,0,0,1,0,0,0,0,0,0,0,0,0,0,0
0.638187057133679,1,0,1,0,0,0,0,0,0,0,0,0,0,0,0
0.64611034852204,1,1,0,1,0,1,1,0,0,0,0,0,0,0,0
0.647439346725707,1,1,0,1,0,0,0,0,0,0,0,0,0,1,0
0.655552229040128,1,1,0,1,0,1,1,0,0,0,0,0,0,0,0
0.657410577511672,0,1,0,1,1,1,0,0,0,0,0,0,0,0,0
0.658858129075938,1,1,0,1,0,0,0,0,0,0,0,0,0,0,0
0.659880202549058,1,0,1,1,0,0,0,0,0,0,0,0,0,0,0
0.660340762630997,0,0,1,1,0,0,0,0,0,0,0,0,0,0,0
0.661270768794886,0,1,0,0,0,0,0,0,0,0,0,0,0,0,0
0.661782417081866,1,0,0,0,0,0,0,0,0,0,0,0,0,0,0
0.665219801751777,1,1,0,1,0,0,0,0,0,0,0,0,0,0,0
0.66642332306994,1,1,1,1,1,1,0,0,0,0,0,0,0,0,0
0.666614927548181,0,0,0,1,0,0,0,0,0,0,0,0,0,0,0
0.672316293602088,1,1,0,1,1,0,0,0,0,0,0,0,0,0,0
0.679711649425801,0,0,0,0,0,0,0,0,0,0,0,0,0,0,0
0.680420945939963,1,1,0,1,1,1,0,0,0,0,0,0,0,0,0
0.680982410174065,0,1,0,0,0,1,1,0,1,0,0,0,0,0,0
0.683722262522975,1,0,0,0,0,0,1,1,1,1,1,0,0,0,1
0.685116921112611,1,0,1,0,0,0,0,0,0,0,0,0,0,0,0
0.686508567011902,1,0,0,0,0,0,0,0,0,0,0,0,0,0,0
0.68956317526262,0,1,0,1,0,0,0,0,0,0,0,0,0,0,0
0.695617777407033,0,1,1,1,0,1,0,0,0,0,0,0,0,0,0
0.698997184274403,1,0,0,1,0,0,0,0,0,0,0,0,0,0,0
0.703863723598819,1,1,1,0,0,0,0,0,0,0,0,0,0,0,0
0.707818773929469,0,0,0,1,0,0,0,0,0,0,0,0,0,0,0
0.708672790596869,1,1,1,1,0,1,0,0,0,0,0,0,0,0,0
0.710299313771969,0,1,0,0,1,1,0,0,0,0,0,0,0,0,0
0.71300820989508,0,1,1,0,0,0,0,0,0,0,1,0,0,0,0
0.713353214053328,1,0,0,0,0,0,0,0,0,0,0,0,0,0,0
0.71410088412192,0,1,0,0,0,1,0,0,0,0,0,0,0,0,0
0.717465653564525,0,1,0,1,0,0,1,0,1,0,1,0,0,0,0
0.718146692705687,1,0,0,1,0,1,0,0,0,0,0,0,0,0,0
0.72198779863823,1,0,0,0,0,0,0,0,0,0,0,0,0,0,0
0.72278137395084,1,1,1,0,1,1,0,0,0,0,0,0,0,0,0
0.72630248782741,1,1,0,1,1,0,0,0,0,0,0,0,0,0,0
0.726337030563365,1,0,1,1,0,0,0,0,0,0,0,0,0,0,0
0.729791525461066,0,1,0,1,1,1,0,0,0,0,0,0,0,0,0
0.73209211160512,1,1,0,1,1,0,0,1,0,0,0,0,0,0,0
0.73282349444823,0,0,0,1,0,0,0,0,0,0,1,0,0,0,0
0.736054555573476,0,0,1,0,0,0,0,0,0,0,0,0,0,0,0
0.736346722089856,1,1,0,0,0,0,0,0,0,0,0,0,0,0,0
0.739447129339934,0,0,0,0,0,0,0,0,0,0,0,0,0,0,0
0.741444840668304,0,0,1,1,0,0,0,0,0,0,0,0,0,0,0
0.744244675885667,1,1,0,0,0,0,0,0,0,0,0,0,0,0,0
0.744790559821628,1,0,0,1,0,0,0,0,0,0,0,0,0,0,0
0.746649026698175,0,0,1,0,0,0,0,0,0,0,0,0,0,0,0
0.746745027342237,0,0,0,1,0,0,0,0,0,0,0,0,0,0,0
0.747536502362202,0,0,0,1,0,0,0,0,0,0,0,0,0,0,0
0.752782153714521,1,0,1,0,0,0,0,0,0,0,0,0,0,0,0
0.755525820003489,1,1,1,0,0,1,0,0,0,0,0,0,0,0,0
0.756853894343993,0,1,1,1,1,1,1,1,0,1,0,0,0,0,0
0.760107211114352,1,0,0,1,0,0,0,0,0,0,0,0,0,0,0
0.763424651062782,0,1,1,0,1,1,0,0,0,0,0,0,0,0,0
0.765386923749001,1,0,1,1,0,0,0,0,0,0,0,0,0,0,0
0.766213831901551,0,1,1,1,1,0,0,0,0,0,0,0,0,0,0
0.768533257538736,0,1,1,1,0,0,0,0,0,0,0,0,0,0,0
0.770990159769984,1,1,1,0,1,1,1,0,1,0,0,0,0,0,0
0.772696413196032,0,0,1,1,0,0,0,0,0,0,0,0,0,0,0
0.776987643652646,0,1,1,1,0,0,0,0,0,0,0,0,0,0,0
0.781294979266456,1,1,0,0,0,1,0,0,0,0,0,0,0,0,0
0.782142407405688,0,0,0,1,0,0,0,0,0,0,0,0,0,0,0
0.784152925564224,1,1,0,0,0,0,0,0,0,0,0,0,0,0,0
0.78625674919137,1,0,0,1,0,0,0,0,0,0,0,0,0,0,0
0.786998658354807,1,0,1,1,0,0,0,0,0,0,0,0,0,0,0
0.795319086618069,1,1,0,1,1,0,0,1,0,0,0,0,0,0,0
0.798700556541005,1,0,0,0,0,0,0,0,0,0,0,0,0,0,0
0.803948905199953,1,0,1,1,0,0,0,0,0,0,0,0,0,0,0
0.804045787521021,1,0,1,1,0,0,0,0,0,0,0,0,0,0,0
0.812445224724105,1,0,0,1,0,0,0,0,0,0,0,0,0,0,0
0.813726205438362,0,1,1,1,1,1,0,0,0,0,0,0,0,0,0
0.814448996161795,1,0,0,0,0,0,0,0,0,0,0,0,0,0,0
0.81516897306605,1,1,1,0,1,0,0,1,0,0,0,0,0,0,0
0.817563604174924,0,0,1,0,0,0,0,0,0,0,0,0,0,0,0
0.817906760623449,0,0,1,1,0,0,0,0,0,0,0,0,0,0,0
0.828582737420648,0,1,0,1,0,0,0,0,0,0,0,0,0,0,0
0.840528676301436,1,0,1,0,0,0,0,0,0,0,0,0,0,0,0
0.849576890610434,1,1,0,1,1,1,1,0,0,0,0,0,0,0,0
0.852177648646605,0,1,0,1,0,0,0,0,0,0,0,0,0,0,0
0.857216899223727,0,1,0,0,0,1,0,0,0,0,0,0,0,0,0
0.858717805824721,1,1,0,0,0,0,0,0,0,0,0,0,0,0,0
0.864030635427067,1,0,0,1,0,0,0,0,0,0,0,0,0,0,0
0.871716128741095,0,1,1,0,1,1,1,0,0,1,1,0,0,0,0
0.873218017626396,1,0,0,1,0,0,0,0,0,0,0,0,0,0,0
0.874522538905944,1,0,1,0,0,0,0,0,0,0,0,0,0,0,0
0.874985678784647,1,0,1,0,0,0,0,0,0,0,0,0,0,0,0
0.877170101137546,0,1,1,0,0,0,0,0,0,0,0,0,0,0,0
0.877589421261433,0,1,0,0,1,0,0,0,0,0,0,0,0,0,0
0.88084628969035,1,1,0,1,0,0,0,0,1,0,0,0,0,0,0
0.88102538099893,1,1,1,1,1,0,0,0,0,1,0,0,0,1,0
0.882709108037857,1,0,1,0,0,0,0,0,0,0,0,0,0,0,0
0.884977337523912,0,1,1,1,1,0,0,1,0,0,0,0,0,0,0
0.888830652407131,0,0,0,1,0,0,0,0,0,0,0,0,0,0,0
0.889865124959418,1,0,0,0,0,0,0,0,0,0,0,0,0,0,0
0.892296883270338,1,1,1,1,1,0,0,0,0,0,0,0,0,0,0
0.894359132174988,1,1,0,0,1,1,1,0,0,0,0,0,0,0,0
0.895316249681199,0,1,0,1,0,1,0,0,0,0,0,0,0,0,0
0.896638759278575,1,0,0,0,0,0,0,0,0,0,0,0,0,0,0
0.905846335914006,0,1,1,0,1,0,0,1,0,0,0,0,0,0,0
0.920994916451573,1,0,1,0,0,0,0,0,0,0,0,0,0,0,0
0.929337372659185,1,0,1,1,0,0,0,0,0,0,0,0,0,0,0
0.934345451191722,1,1,1,1,0,0,0,0,0,0,0,0,0,0,0
0.936069554396929,1,1,0,1,1,1,0,0,0,0,0,0,0,0,0
0.937129364268505,0,1,1,0,0,1,0,0,0,0,0,0,0,0,0
0.938200440986057,1,1,1,1,1,0,0,1,0,0,0,0,0,0,0
0.941167175258805,1,1,1,0,1,1,0,0,0,0,0,0,0,0,0
0.944221299911785,1,1,1,0,1,1,1,1,0,0,1,0,0,0,0
0.955819568693712,0,1,1,0,1,1,1,1,0,0,0,0,0,0,0
0.963748738002197,1,1,1,1,0,1,0,0,0,0,0,0,0,0,0
0.967929402131425,1,1,1,0,0,1,0,0,0,0,0,0,0,0,0
0.969132803003415,0,1,1,1,1,1,1,0,1,0,1,0,0,0,0
0.96966022255537,1,0,1,1,0,0,0,0,0,0,0,0,0,0,0
0.971318693650748,0,1,1,0,0,0,0,0,0,0,0,0,0,0,0
0.971662519835486,1,1,0,1,1,1,1,0,0,0,0,0,0,0,0
0.978235341217006,1,1,1,0,0,1,0,0,0,0,0,0,0,0,0
0.981479568812371,0,1,0,1,1,1,0,0,0,0,0,0,0,0,0
0.982084556701422,1,1,1,0,0,1,1,0,1,1,0,0,1,0,1
0.983008782320777,0,1,0,1,0,0,0,0,0,0,0,0,0,0,0
0.985992819992606,1,1,1,0,1,0,0,1,0,0,0,0,0,0,0
0.98723837541413,1,0,0,0,0,0,0,0,0,0,0,0,0,0,0
0.997376222375276,1,1,0,1,1,1,0,1,0,0,0,0,0,0,0
0.999065240668961,0,1,1,1,1,1,1,0,0,0,0,0,0,0,0
1.00140074810175,1,1,0,1,1,0,0,0,0,0,0,0,0,0,0
1.00867667100754,1,0,1,1,0,0,0,0,0,0,0,0,0,0,0
1.0091428594948,1,0,1,0,0,0,0,0,1,0,0,0,0,0,0
1.0136946670677,1,1,1,0,0,0,0,0,0,0,0,0,0,0,0
1.01729204477421,1,0,1,1,0,0,0,0,0,0,0,0,0,0,0
1.01849000331461,1,1,0,1,0,0,0,0,0,0,0,0,0,0,0
1.0204101910022,0,1,0,1,1,1,1,1,0,0,1,0,0,0,0
1.02141267318029,0,1,1,1,0,0,0,0,0,0,0,0,0,0,0
1.02272863339674,0,1,1,1,0,1,1,0,1,0,0,0,1,0,0
1.02284790000734,1,1,0,0,0,0,0,0,0,0,0,0,0,0,0
1.02496224026954,0,0,0,1,0,0,0,0,0,0,0,0,0,0,0
1.02698678041994,0,1,1,0,1,0,0,1,0,0,0,0,0,0,0
1.02963425481422,0,0,0,0,0,0,0,0,0,0,0,0,0,0,0
1.03002347430765,1,1,0,1,0,1,0,0,0,0,0,0,0,0,0
1.03019969372317,0,1,0,1,1,0,0,0,0,0,0,0,0,0,0
1.03564153531124,1,0,0,0,0,0,1,0,0,0,0,0,0,0,0
1.03884817935467,0,0,1,1,0,0,0,0,0,0,0,0,0,0,0
1.03889165365055,1,1,1,1,1,1,0,1,0,0,0,0,0,0,0
1.04172914003205,1,1,0,1,1,1,0,0,0,0,0,0,0,0,0
1.0494173289524,1,0,0,1,0,0,0,0,0,0,1,0,0,0,0
1.05181600221037,1,0,1,0,0,0,0,0,0,0,0,0,0,0,0
1.05582729700545,1,1,1,0,1,1,1,1,0,0,0,0,0,0,0
1.05651034574586,1,1,0,1,1,0,0,0,0,0,0,0,0,0,0
1.05713627815229,1,0,1,0,0,0,0,0,0,0,0,0,0,0,0
1.0654171052202,1,1,1,1,0,1,0,0,0,0,0,0,0,0,0
1.06554333041116,1,0,0,1,0,1,0,0,0,0,0,0,0,0,0
1.0658164587594,1,1,1,1,1,0,0,1,0,0,0,0,0,0,0
1.06648723138952,1,1,0,1,0,1,0,0,0,0,0,0,0,0,0
1.0675697209936,1,0,1,1,0,0,0,0,0,0,0,0,0,0,0
1.06952505652366,0,1,0,1,1,1,1,0,1,1,0,0,0,0,0
1.07134024009223,1,0,1,1,0,0,0,0,0,0,0,0,0,0,0
1.07991661338963,1,1,0,0,1,1,0,1,0,0,0,0,0,0,1
1.08064444469209,0,1,1,1,1,1,1,1,0,0,0,0,0,0,0
1.08105508480649,1,1,0,0,1,1,0,0,0,0,0,0,0,0,0
1.08149112776696,1,0,1,1,0,0,0,0,0,0,0,0,0,0,0
1.08477837707189,1,1,1,1,0,0,0,0,0,0,0,0,0,1,0
1.08747335855758,0,1,1,1,0,0,0,0,0,0,0,0,0,0,0
1.09266987188863,1,1,1,1,0,0,0,0,0,0,0,0,1,0,0
1.09515554768388,1,1,1,0,0,0,0,0,0,0,0,0,0,0,0
1.09523276280325,0,0,1,0,0,0,0,0,0,0,0,0,0,0,0
1.09573067726099,1,1,1,0,0,1,1,0,0,0,0,0,0,0,0
1.09863827307148,1,1,1,0,0,1,1,0,0,0,0,0,0,0,0
1.10097645997486,1,1,1,1,0,0,0,0,0,1,0,0,0,1,0
1.10355149601195,0,1,1,0,0,1,0,0,1,0,0,1,1,0,0
1.10391054553638,1,1,1,0,0,1,0,0,0,0,0,0,0,0,0
1.10545109751119,1,0,1,1,0,0,0,0,0,0,0,0,0,0,0
1.10561488132952,1,1,0,0,0,1,1,0,0,1,1,0,0,0,0
1.10735142547317,0,1,0,1,0,1,0,0,1,0,0,0,1,0,0
1.10888164519522,1,1,0,1,0,1,0,0,0,0,0,0,0,0,0
1.11481320236185,1,1,1,1,0,0,0,0,0,0,0,0,0,0,0
1.11847578433319,1,1,1,1,1,1,0,1,0,0,0,0,0,0,0
1.11852195363048,1,1,1,1,0,1,0,0,0,0,0,0,0,0,0
1.12313243001352,0,1,0,0,1,1,1,0,0,1,0,0,1,1,0
1.12456583735969,1,0,0,1,0,0,0,0,0,0,0,0,0,0,0
1.12656257115957,0,0,1,1,0,0,0,0,0,0,0,0,0,0,0
1.12697220887539,1,1,1,0,0,0,0,0,0,0,0,0,0,0,0
1.13024785355758,0,1,1,0,0,0,0,0,0,0,0,0,0,0,0
1.1337577857315,1,1,1,1,0,1,1,0,0,0,0,0,0,0,0
1.13745510182252,1,1,0,0,0,0,0,0,0,0,0,0,0,1,0
1.14294024590253,1,1,1,1,1,1,1,0,0,0,0,0,0,0,0
1.14670377144519,0,0,0,1,1,0,0,0,0,0,0,0,0,0,0
1.15023117614678,0,0,0,1,0,0,0,0,0,0,0,0,0,0,0
1.15860045369318,1,1,1,1,1,0,0,0,0,0,0,0,0,1,0
1.15905147678821,1,1,1,1,1,1,0,1,0,0,0,0,0,0,0
1.16126372970488,1,1,1,0,0,0,1,0,1,0,1,0,0,0,0
1.16905640444473,1,1,0,1,0,0,0,0,0,0,0,0,0,0,0
1.18552009757035,1,0,1,0,0,0,0,0,0,0,0,0,0,0,0
1.18554603342965,1,1,0,1,1,0,0,1,0,0,0,0,0,0,0
1.19205993938177,1,1,1,1,0,0,0,0,0,0,0,0,0,0,0
1.19724444193591,0,1,1,1,0,0,0,0,0,0,0,0,0,0,0
1.20105483252298,1,1,0,1,1,1,0,0,0,0,0,0,0,0,0
1.20342964479176,0,1,1,1,0,1,0,0,0,0,0,0,0,0,0
1.20454927571382,1,0,1,1,0,0,0,0,0,0,0,0,0,0,0
1.20780677946492,1,0,0,1,0,0,0,0,0,0,0,0,0,0,0
1.20787604280281,0,1,1,1,1,1,1,0,0,1,1,0,0,0,1
1.21067590174483,0,1,1,1,1,0,0,0,0,0,0,0,0,0,0
1.2154192965857,1,1,1,1,1,1,0,1,0,0,0,0,0,0,0
1.22028507775871,1,1,1,0,0,0,0,0,0,0,0,0,1,0,1
1.23006634644824,1,0,0,0,0,0,0,0,0,0,0,0,0,0,0
1.23018784985315,1,1,1,1,0,0,0,0,0,0,0,0,0,0,0
1.23267385541776,0,1,0,1,0,1,1,0,1,1,1,0,1,0,1
1.23282313827195,1,0,1,1,0,0,0,0,0,0,0,0,0,0,0
1.23476898678463,1,0,1,0,0,0,0,0,0,0,0,0,0,0,0
1.24341477238858,0,0,1,1,0,0,0,0,0,0,0,0,0,0,0
1.24587344768165,1,1,1,0,1,1,1,0,0,0,0,0,0,0,0
1.24713860922776,1,1,1,1,1,1,0,0,0,0,0,0,0,0,0
1.24766341179502,1,1,1,0,0,1,0,0,0,0,0,0,0,0,0
1.25101822574643,1,1,0,1,0,1,1,0,0,0,1,0,0,0,0
1.25414851988347,0,1,0,0,0,0,0,0,0,0,0,0,0,0,0
1.25633290939526,0,0,1,1,0,0,0,0,0,0,0,0,0,0,0
1.25996510037485,0,1,1,1,1,0,0,0,0,0,0,0,0,0,0
1.26176473021996,1,1,1,0,1,1,1,0,0,1,0,0,0,0,0
1.26616637276887,1,1,1,0,1,1,1,1,0,0,0,0,0,0,0
1.26656492912384,1,0,1,1,0,0,0,0,0,0,0,0,0,0,0
1.26858188027528,1,1,1,1,1,1,0,0,0,0,0,0,0,0,0
1.26894531889414,0,1,0,1,0,1,1,0,0,0,0,0,0,0,0
1.27041651827086,1,1,1,1,1,0,0,0,0,0,0,0,0,0,0
1.27278130583288,0,1,1,0,0,0,0,0,0,0,0,0,0,0,0
1.27295419290268,1,1,0,1,0,1,0,0,0,0,0,0,0,0,0
1.27354305507961,1,1,1,0,1,0,0,1,0,0,0,0,0,0,0
1.27478384906166,1,1,0,1,1,0,0,0,0,0,1,0,0,0,0
1.27511359203511,1,1,0,1,0,0,0,0,0,0,0,0,0,0,0
1.27727652351952,0,1,1,0,0,0,0,0,0,0,0,0,0,0,0
1.28556008050726,1,1,1,1,1,1,0,0,0,0,0,0,0,0,0
1.29050796733767,1,1,1,1,1,0,0,1,0,0,0,0,0,0,0
1.29423844266421,0,1,1,1,1,1,1,0,1,0,0,1,0,0,0
1.29858932516145,0,1,1,1,0,0,0,0,0,0,0,0,0,0,1
1.30115890872735,1,1,1,0,1,1,1,0,1,0,1,0,0,0,0
1.30950499821212,1,1,1,1,1,1,1,1,1,0,0,0,0,0,0
1.31199354673772,1,1,1,0,1,1,1,1,0,0,0,0,0,0,0
1.31358072563924,1,1,0,0,0,0,0,0,0,0,0,0,0,0,0
1.31517935552931,1,0,1,1,0,0,0,0,0,0,0,0,0,0,0
1.31719878633273,1,1,1,1,1,1,0,0,0,0,0,0,0,0,0
1.32400573304704,1,1,1,1,0,1,1,0,0,0,0,0,0,0,0
1.32441747484832,0,0,0,1,0,0,0,0,0,0,0,0,0,0,0
1.32606245284064,0,1,1,1,1,1,1,1,0,0,0,0,0,0,0
1.32995899697681,0,1,1,1,1,1,0,0,0,0,0,0,0,0,0
1.33118434698401,1,0,1,1,0,0,0,0,0,0,0,0,0,0,0
1.33278239227897,1,1,0,0,0,0,0,0,0,0,0,0,0,0,0
1.33406675475505,1,0,1,1,0,0,0,0,0,0,0,0,0,0,0
1.34461800789397,1,0,0,1,0,0,0,0,0,0,0,0,0,0,0
1.34639562141844,1,1,1,1,0,0,0,0,0,0,0,0,0,0,0
1.346538225308,1,1,1,1,0,1,1,0,1,0,0,1,0,0,0
1.35179346194794,1,1,0,1,1,1,0,0,0,0,0,0,0,0,0
1.35431524677569,0,0,1,1,0,0,0,0,0,0,0,0,0,0,0
1.35530610248212,1,1,1,0,1,1,1,0,0,0,1,0,0,0,0
1.35839657448807,0,0,1,0,0,0,0,0,0,0,0,0,0,0,0
1.35915223933134,1,1,0,1,0,0,0,0,0,0,0,0,0,0,0
1.36167770431606,1,1,1,1,1,1,1,0,0,0,1,0,0,0,0
1.36787171377224,1,1,0,1,1,1,0,0,0,0,0,0,0,0,0
1.37156123356117,1,1,1,1,1,1,0,0,0,0,0,0,0,0,0
1.37372911761615,0,1,1,0,1,1,1,0,1,1,0,1,0,1,0
1.37399435750639,1,1,0,1,1,1,0,1,0,0,0,0,0,1,0
1.37852139426652,1,1,1,1,0,0,0,0,0,0,0,0,0,0,0
1.37982743295611,1,1,1,1,1,0,0,1,0,0,0,0,0,0,0
1.3804078469136,0,1,0,1,0,1,1,0,0,1,0,0,0,1,0
1.38115512859032,1,1,1,0,1,1,0,1,0,0,0,0,0,0,0
1.38965627282563,0,1,0,1,0,0,0,0,0,0,0,0,0,0,0
1.39339312440728,1,1,0,0,1,1,1,0,1,0,1,0,0,0,0
1.40337533000732,0,0,1,1,0,0,0,0,0,0,0,0,0,0,0
1.40685398750266,1,1,1,1,1,1,1,0,0,0,0,0,0,0,0
1.4106203102989,1,0,0,1,0,0,0,0,0,0,0,0,0,0,0
1.41431148008596,0,0,1,0,0,0,0,0,0,0,0,0,0,0,0
1.41938399017786,1,1,0,1,1,1,0,0,0,0,0,0,0,0,0
1.4218213507689,1,1,1,1,0,1,0,0,0,0,0,0,0,0,0
1.42198844160103,1,1,1,0,1,1,1,0,1,0,1,0,1,0,0
1.42424687122733,1,1,1,1,1,0,0,0,0,0,0,0,0,0,0
1.42639092193621,1,0,1,0,0,0,0,0,0,0,0,0,0,0,0
1.4268947563825,1,1,1,1,0,1,1,0,0,0,0,0,0,0,0
1.42991068597406,1,1,1,1,1,1,0,1,0,0,0,0,0,0,0
1.43347769084771,0,1,0,0,0,1,1,0,1,1,1,0,1,1,0
1.43537493418648,1,1,1,1,1,0,0,0,0,0,0,0,0,0,0
1.43606119714015,1,1,1,1,1,1,0,1,0,0,0,0,0,0,0
1.43868105292154,1,1,1,1,1,0,0,1,0,0,0,0,0,0,0
1.43919959572863,1,1,1,1,1,1,1,0,0,1,1,0,0,0,0
1.44094941366753,1,1,1,1,1,1,0,0,0,0,0,0,0,0,0
1.44235234572741,1,1,1,1,0,0,0,0,0,0,0,0,0,0,0
1.4429694590262,1,0,1,0,0,1,0,0,0,0,0,0,0,0,0
1.44511632531292,1,0,1,1,0,0,0,0,0,0,0,0,0,0,0
1.44578685362752,0,1,0,0,0,0,0,0,0,0,0,0,0,0,0
1.44612311412834,1,1,1,1,0,0,0,0,0,0,0,0,0,0,0
1.4465164350351,1,1,1,1,1,0,0,1,0,0,0,0,0,0,0
1.45589964566058,1,1,1,1,0,1,0,0,0,0,0,0,0,0,0
1.45723124115273,1,1,1,0,1,1,1,0,1,0,0,1,0,0,0
1.45739458177501,0,1,1,1,0,0,0,0,0,0,0,0,0,0,0
1.45764236579503,1,1,0,1,1,1,1,0,0,1,0,0,0,0,0
1.45794109896244,1,0,0,1,0,0,0,0,0,0,0,0,0,0,0
1.4713940546526,1,0,1,1,1,0,0,0,0,0,0,0,0,0,0
1.48066833099261,0,1,0,0,0,0,0,0,0,0,0,0,0,0,0
1.48290683638254,1,1,0,1,1,1,0,0,0,0,0,0,0,0,1
1.49088002405538,1,1,1,1,0,0,0,0,0,0,0,0,0,1,0
1.49125570338857,1,1,0,0,1,1,0,0,0,0,0,0,0,0,0
1.49230265725172,1,0,1,1,0,0,0,0,0,0,0,0,0,0,0
1.49349105527019,1,0,1,1,0,0,0,0,0,0,0,0,0,0,0
1.50394884940066,1,1,0,1,1,1,0,0,0,0,0,0,0,0,0
1.50567140146615,1,1,1,1,1,1,1,0,1,0,0,0,0,0,0
1.50604470007261,0,1,1,0,0,1,0,0,0,0,0,0,0,0,0
1.50797499024838,1,1,0,1,0,0,0,0,0,0,0,0,0,0,0
1.51440130179355,1,1,0,1,1,1,0,1,0,0,0,0,0,0,0
1.51638789648041,0,1,1,1,1,0,0,0,0,0,0,0,0,0,0
1.52051876492219,0,1,1,1,1,1,0,0,0,0,0,0,0,0,0
1.52151334708576,1,1,1,1,0,0,0,0,0,0,0,0,0,0,0
1.52674729815324,1,1,1,1,0,0,0,0,0,0,0,0,0,0,0
1.5277490638343,1,0,1,1,0,0,0,0,0,0,0,0,0,0,0
1.54062193580574,1,1,1,1,0,0,0,0,0,0,0,0,0,0,0
1.54216873230713,1,1,1,0,0,0,0,0,0,0,0,0,1,0,0
1.54701330764568,0,1,1,0,1,1,1,0,0,1,1,0,0,0,0
1.54747911159392,1,1,1,1,1,1,1,0,0,0,0,0,0,0,0
1.54803295229035,1,1,1,0,0,0,0,0,0,0,0,0,0,0,0
1.55032030660318,1,0,1,1,0,0,1,0,1,0,1,0,0,0,0
1.55087705400523,1,1,0,1,1,0,0,0,0,0,0,0,0,0,0
1.55099489035259,1,1,1,1,1,0,0,0,0,0,0,0,0,0,0
1.5545767866238,0,1,1,1,0,0,0,0,0,0,0,0,0,0,0
1.56129508055741,1,0,0,1,0,0,0,0,0,0,0,0,0,0,0
1.56308631516047,0,1,0,1,0,1,1,0,1,0,1,0,1,0,0
1.56441308426902,0,1,1,1,1,1,1,0,0,0,1,0,0,0,0
1.56536873538778,0,1,1,1,1,0,0,1,0,0,0,0,0,0,0
1.56588634428097,1,1,1,1,0,0,0,0,0,0,0,0,0,0,0
1.56748145377935,1,1,1,1,0,1,0,0,0,0,0,0,0,0,0
1.57161877161565,0,1,1,1,1,1,0,0,0,0,0,0,0,0,0
1.58107645383865,1,1,1,1,1,1,1,1,0,1,0,0,0,0,0
1.5845983859369,1,1,1,1,1,1,1,1,1,0,0,0,0,0,0
1.58946089857572,0,1,1,1,0,0,1,0,1,1,1,1,0,0,0
1.59079240392106,1,1,1,1,1,1,0,0,0,0,0,0,0,0,0
1.59680982226927,1,0,1,1,0,0,0,0,0,0,0,0,0,0,0
1.59974336898475,1,1,1,0,1,1,0,1,0,0,0,0,0,0,0
1.60035191733981,1,1,1,1,1,1,1,1,0,0,0,0,0,0,0
1.60041038718226,1,0,1,1,0,0,0,0,0,0,0,0,0,0,0
1.6022909871865,1,1,1,1,1,0,0,0,0,0,0,0,0,0,0
1.60460051707018,1,1,1,1,0,1,0,0,0,0,0,0,0,0,0
1.61717736216201,1,1,0,1,0,0,0,0,0,0,0,0,0,0,0
1.6196269138858,1,1,1,1,0,1,0,0,0,0,0,0,0,0,0
1.62440564334187,0,1,1,1,0,0,0,0,0,0,0,0,0,0,0
1.63096589850817,1,1,1,1,1,1,0,0,0,0,0,0,0,0,0
1.63263766516713,1,1,1,1,0,0,0,0,0,0,0,0,0,0,0
1.63612642430415,1,1,0,1,1,1,1,1,0,1,0,0,0,0,0
1.63836088730231,0,1,0,0,0,0,0,0,0,0,0,0,0,0,0
1.64098901712162,0,0,1,1,0,0,0,0,0,0,0,0,0,0,0
1.64189753043954,0,1,0,1,1,1,1,0,0,0,0,0,0,0,0
1.64711606438498,0,1,1,1,1,0,0,1,0,0,0,0,0,0,0
1.6477035792662,1,1,0,1,0,1,0,0,0,0,0,0,0,0,0
1.64804306233055,1,0,1,1,0,0,0,0,0,0,0,0,0,0,0
1.65084571665914,1,1,1,1,1,0,0,1,0,0,0,0,0,0,0
1.65304716771853,1,1,1,0,0,0,0,0,0,0,0,0,0,0,0
1.65403550218884,0,0,1,1,0,0,0,0,0,0,0,0,0,0,0
1.65821659615452,1,1,0,1,1,1,1,1,0,0,0,0,0,0,1
1.6600905482467,1,1,1,1,1,1,0,1,0,0,0,0,0,0,0
1.66735254303739,1,1,1,0,0,0,0,0,0,0,0,0,1,0,0
1.67601821108669,1,1,1,1,1,0,0,0,0,0,0,0,0,0,0
1.67878691088724,0,1,1,1,0,0,0,0,0,0,0,0,0,0,0
1.68290796194582,1,0,1,0,0,0,0,0,0,0,0,0,0,0,0
1.68706471933864,1,0,1,1,0,0,0,0,0,0,0,0,0,0,0
1.68872654339158,1,1,1,1,0,0,0,0,0,0,0,0,0,0,0
1.68930969283894,1,1,1,1,1,1,1,1,0,0,0,0,0,0,0
1.694841378026,1,1,1,1,1,0,0,1,0,0,1,0,0,0,0
1.69590667546529,0,1,1,1,0,0,0,0,0,0,0,0,0,0,0
1.69627655264832,0,1,1,0,1,0,0,0,0,0,0,0,0,0,0
1.69952319117324,1,1,0,1,0,0,0,0,0,0,0,0,0,0,0
1.70155818371382,1,1,1,1,0,1,0,0,0,0,0,0,0,0,0
1.71067363123437,1,1,1,1,0,1,0,0,0,0,0,0,0,0,0
1.71106828841377,1,1,1,1,0,0,0,0,0,0,0,0,0,0,0
1.71206166116733,1,1,1,1,1,1,1,1,1,0,0,0,0,0,0
1.71354577693663,1,1,0,0,0,0,0,0,0,0,0,0,0,0,0
1.71384628470419,1,1,1,1,0,1,0,0,0,0,0,0,0,0,0
1.71702503986834,1,1,1,1,0,0,0,0,0,0,0,0,0,0,0
1.71896518920581,1,0,1,1,0,0,0,0,0,0,0,0,0,0,0
1.72074664097903,1,1,0,1,1,1,0,0,0,0,0,0,0,0,0
1.72093298284756,1,1,1,1,1,1,0,0,0,0,0,0,0,0,1
1.72426354826718,1,1,1,1,0,0,0,0,0,0,0,0,0,1,0
1.72717119524612,1,1,1,1,1,1,0,1,0,0,0,0,0,0,0
1.72829314315822,1,1,1,1,1,1,0,1,0,0,0,0,0,0,0
1.72836521530838,0,1,1,0,1,1,1,0,0,0,0,0,0,0,0
1.73520835377418,1,0,1,1,0,0,0,0,0,0,0,0,0,0,0
1.7386680036971,1,1,1,1,1,0,0,0,0,0,0,0,0,0,0
1.74030811921143,1,1,0,0,1,1,0,0,0,0,0,0,0,0,0
1.74082825331554,1,1,1,1,0,1,1,0,0,1,0,0,0,0,0
1.75032169862427,1,1,0,1,0,1,0,0,0,0,0,0,0,0,0
1.75334766553814,1,0,1,1,0,0,0,0,0,0,0,0,0,0,0
1.75989600302857,1,1,0,1,0,0,0,0,0,0,0,0,0,0,0
1.76376510713173,1,1,1,0,1,1,0,0,0,0,0,0,0,0,0
1.7695017564254,1,1,1,1,1,1,0,1,0,0,0,0,0,0,0
1.77108419075972,1,1,1,1,0,1,1,0,1,0,1,0,1,0,0
1.77914606427581,0,1,1,1,1,0,0,0,0,0,0,0,1,0,0
1.78224338616178,1,0,0,1,0,0,0,0,0,0,0,0,0,0,0
1.79083470676417,1,1,1,1,0,1,0,0,0,0,0,0,0,0,0
1.79103002974153,1,1,1,1,0,0,0,0,0,0,0,0,0,0,0
1.79428194803095,1,0,1,1,0,0,0,0,0,0,0,0,0,0,0
1.79791104557819,1,1,1,1,0,1,1,0,0,0,1,0,0,0,0
1.80216519008082,1,1,1,0,1,1,1,0,0,0,1,0,0,0,0
1.80497362141657,0,1,1,1,0,0,0,0,0,0,0,0,0,0,0
1.80603636856184,1,1,1,1,1,0,0,1,0,0,0,0,0,0,0
1.80943037643639,1,1,1,0,1,0,0,0,0,0,0,0,0,0,0
1.8094548762712,1,1,0,0,0,1,0,0,0,0,0,0,0,0,0
1.81014312925174,1,1,1,1,1,1,0,0,0,0,0,0,0,0,0
1.81564776644735,1,1,1,1,1,1,0,1,0,0,0,0,0,0,0
1.81753196772682,1,1,1,1,0,1,0,0,0,0,0,0,0,0,1
1.82068442715644,1,1,1,1,1,1,1,1,0,0,0,0,0,0,0
1.82732149212337,0,1,1,0,0,1,0,0,0,0,0,0,0,0,0
1.83274960939108,0,1,1,1,0,0,0,0,0,0,0,0,0,0,0
1.83443517162729,1,1,0,1,1,1,1,1,0,0,0,0,0,0,0
1.83465882601286,0,1,1,1,1,1,1,0,1,1,0,0,0,1,0
1.83946620300418,0,1,1,1,0,1,1,0,0,0,0,0,0,0,0
1.84290709555637,0,1,1,1,1,1,1,0,0,0,0,0,0,0,0
1.85132368046993,0,0,1,1,0,0,0,0,0,0,0,0,0,0,0
1.85335574480222,1,0,1,1,1,0,0,1,0,0,0,0,0,0,0
1.85462099802397,1,1,1,1,1,0,0,1,0,0,0,0,0,0,0
1.8655366373683,1,0,1,1,0,0,0,0,0,0,0,0,0,0,0
1.86733608645347,1,1,1,1,1,1,0,1,0,0,0,1,0,0,0
1.87160268736241,1,1,1,1,1,1,1,0,0,1,0,0,0,0,0
1.87396778468873,0,1,1,1,1,0,1,0,1,1,1,0,0,0,1
1.88052526689849,1,1,1,1,1,0,0,0,0,0,0,0,0,0,0
1.89047242445487,1,0,1,1,0,0,0,0,0,0,0,0,0,0,1
1.89488793963193,1,1,1,1,0,0,0,0,0,0,0,0,0,0,0
1.90278405535462,1,1,0,1,1,1,0,1,1,0,0,1,1,0,0
1.90749723992803,1,1,1,1,1,1,1,0,0,1,0,0,0,1,0
1.91164839400044,0,1,1,1,1,1,1,0,0,0,1,0,0,0,0
1.91477948594319,1,1,1,1,0,0,0,0,0,0,0,0,0,0,0
1.92538438669601,1,1,1,1,0,1,0,0,0,0,0,0,0,0,0
1.92772653608395,1,1,1,1,0,1,1,0,0,0,0,0,0,0,0
1.93170628559398,1,1,0,1,1,0,0,1,0,0,0,0,0,0,1
1.93591056190675,1,1,0,1,1,1,1,1,0,0,0,0,0,0,0
1.94110207570881,1,1,1,1,0,1,1,0,0,0,0,0,0,0,1
1.9446182476017,1,1,1,1,1,0,1,0,0,0,0,0,0,0,0
1.94474528731789,0,1,1,1,0,1,1,0,0,0,0,0,0,0,0
1.94587018277368,1,1,1,1,1,1,0,0,0,0,0,0,0,0,0
1.94615377230935,1,1,1,1,1,1,0,1,0,0,0,0,0,0,0
1.94880443114977,1,1,1,1,0,0,0,0,0,0,0,0,0,0,0
1.94905099303502,1,1,1,1,1,1,0,0,0,0,0,0,0,0,0
1.94917137634174,1,1,1,1,1,1,0,0,0,0,0,0,0,0,0
1.95016681678424,1,1,1,1,0,0,0,0,0,0,0,0,0,0,0
1.950453562076,1,1,1,1,0,0,0,0,0,1,1,0,0,0,0
1.9633331854808,0,1,1,0,1,1,0,0,0,0,0,0,0,0,0
1.9637806311808,1,1,1,1,1,1,1,1,0,0,1,0,0,0,0
1.96878966979793,0,0,1,1,0,0,1,0,0,0,0,0,0,0,0
1.97324169041161,1,1,0,1,1,1,1,0,0,0,0,0,0,0,0
1.97963950986176,1,0,1,1,0,0,0,0,0,0,0,1,0,0,0
1.98542552430668,1,1,0,1,1,1,0,1,0,0,0,0,0,0,0
1.99234564032205,1,1,1,1,1,1,1,0,0,1,0,0,0,0,0
1.99617419964931,1,0,1,1,0,0,0,0,0,0,0,0,0,0,0
1.99659923490821,1,1,1,1,0,0,0,0,0,0,0,0,0,0,0
1.99841970045091,1,1,0,1,0,1,1,0,0,0,0,0,0,0,0
2.00027381840572,1,1,1,1,0,0,0,0,0,0,0,0,0,0,0
2.01424960584811,1,1,1,1,0,1,1,0,0,0,0,0,0,0,0
2.02467667449106,1,1,1,1,0,0,0,0,0,0,0,0,0,0,0
2.02582665535095,1,1,1,1,0,1,0,0,0,0,0,0,0,0,0
2.06083909544413,0,1,1,1,0,1,1,0,1,1,0,0,0,0,1
2.06141177648678,0,1,1,1,0,0,0,0,0,0,0,0,0,0,0
2.06183163226794,1,1,1,1,1,1,0,0,0,0,0,0,0,0,1
2.06228247736182,1,1,1,1,1,1,0,0,0,0,0,0,0,0,0
2.07168837674188,0,1,1,1,1,1,1,0,0,0,0,0,0,0,0
2.07411918724873,1,1,1,0,1,1,1,1,0,1,0,0,0,0,0
2.07666418176038,1,1,1,0,1,1,1,1,0,1,0,0,0,0,0
2.0827878506363,1,1,1,1,1,0,0,1,0,0,0,0,0,0,0
2.08285812030218,1,1,1,1,0,1,0,0,1,0,0,0,1,0,0
2.08619523160964,1,1,1,1,1,1,1,1,0,0,1,0,0,0,0
2.09930464427998,1,1,1,1,1,1,0,0,0,0,0,0,0,0,0
2.10853370467326,0,1,1,1,1,1,1,1,0,1,1,0,0,0,0
2.11261953839635,1,1,1,1,1,1,1,1,0,0,0,0,1,0,0
2.1188549084738,1,1,0,1,1,0,0,0,0,1,0,0,1,1,1
2.12224921915641,0,1,0,1,1,1,1,0,0,1,0,0,0,0,0
2.12631937729421,1,1,0,1,0,0,0,0,0,0,0,0,0,0,0
2.12857702869554,1,1,1,1,0,1,1,0,0,1,1,0,0,0,1
2.13007237502849,1,1,0,0,0,1,0,0,0,0,0,0,0,0,0
2.14454095349404,1,0,1,0,0,0,0,0,0,0,0,0,0,0,0
2.14484158476214,1,1,1,1,1,0,0,0,0,0,0,0,0,0,0
2.14717971530063,0,1,1,1,1,1,1,0,1,1,1,0,0,0,0
2.15823949142854,0,1,1,1,1,1,0,1,1,0,0,1,1,0,0
2.15902596546152,1,1,1,1,0,0,0,0,0,0,0,1,0,0,0
2.16419650286095,1,1,1,1,1,1,0,0,1,0,0,0,1,0,0
2.17839852028385,1,1,0,1,0,1,1,0,1,1,1,0,0,1,0
2.18000426429692,0,1,1,1,1,1,1,1,1,0,1,0,0,0,0
2.1847105607603,1,0,1,1,0,0,1,0,1,0,0,1,1,0,0
2.18660385071167,1,1,1,1,0,1,1,0,0,0,0,0,0,0,0
2.18894513640575,1,1,1,1,1,0,0,1,0,1,0,0,0,0,1
2.18946979842386,1,1,1,1,1,1,0,1,0,1,0,0,0,0,1
2.19039430189812,1,1,1,1,0,1,1,0,0,1,0,0,0,0,0
2.19991601914568,1,0,1,1,0,0,0,0,0,0,0,0,0,0,0
2.20102671677319,1,1,1,0,1,1,1,1,1,0,0,1,0,0,0
2.20328171133047,1,1,1,1,1,1,1,1,0,0,1,0,0,0,0
2.20389120387916,0,1,0,1,1,0,0,0,0,0,0,0,0,0,0
2.21293212135791,1,1,1,0,1,1,1,1,0,0,1,0,0,1,0
2.21437587780406,1,1,1,1,1,1,1,1,0,0,0,0,0,0,0
2.21692412315908,1,1,1,1,0,1,1,0,0,1,1,0,0,0,1
2.21707930605716,1,1,0,1,1,1,1,1,1,0,0,0,1,0,0
2.22057483012791,1,1,1,0,1,1,1,1,0,0,1,0,0,0,0
2.228547626764,1,1,1,0,1,1,1,1,0,0,0,0,0,0,0
2.2286868594061,1,1,1,1,1,1,1,0,1,0,0,1,0,0,0
2.23107243903028,1,1,1,1,1,1,0,0,0,0,0,0,0,0,0
2.2338232998545,1,1,1,1,0,1,1,0,0,0,1,0,0,0,0
2.23904738224022,1,1,1,0,1,1,0,0,1,0,0,0,1,0,0
2.2464716868598,1,1,1,0,0,1,0,0,0,0,0,0,0,0,0
2.24893747791445,1,1,1,0,1,0,0,0,0,0,0,0,0,0,0
2.27474001823933,1,1,1,1,1,1,1,1,0,0,0,0,0,0,0
2.2787906698081,1,1,1,1,1,1,0,0,0,0,0,0,0,0,0
2.28462815553923,0,1,1,1,1,1,0,0,0,0,0,0,0,0,0
2.28834547084313,1,1,1,1,1,0,0,1,0,0,0,0,0,0,0
2.29003754800282,1,1,1,0,0,1,1,0,1,0,0,0,1,0,0
2.29491096586998,0,1,1,1,1,1,1,0,0,0,1,0,0,0,0
2.29636209409413,1,1,0,1,1,1,0,1,0,0,0,0,0,0,0
2.29783031490899,1,1,1,1,1,1,1,1,0,0,1,0,0,0,0
2.30207070602588,1,1,1,0,1,0,0,1,1,0,0,1,1,0,0
2.31101450152338,1,1,1,1,0,0,0,0,0,0,0,0,0,0,0
2.31889900927432,1,1,1,1,1,1,0,0,0,0,0,0,0,0,0
2.32580204370817,1,1,1,1,1,1,0,0,0,0,0,0,0,0,0
2.32854661254591,1,1,1,1,0,1,0,0,0,0,0,0,0,0,0
2.3370168490889,1,1,1,1,0,1,1,0,0,0,0,0,0,0,0
2.33788368030716,1,1,1,1,0,0,0,0,0,0,0,0,0,0,0
2.33911374909872,1,1,1,1,1,1,0,0,0,0,0,0,0,0,0
2.34590698668151,1,0,1,1,0,0,0,0,0,0,0,0,0,0,0
2.36311244923395,1,1,1,1,1,1,1,1,0,0,0,0,0,0,0
2.36914202816931,1,1,0,1,1,1,0,1,0,0,0,0,0,0,0
2.36940587561102,1,1,1,1,1,1,0,1,0,0,0,0,0,0,0
2.37499472035261,1,1,1,1,0,1,1,0,0,0,0,0,0,0,0
2.3751409511029,1,1,1,1,0,0,0,0,0,0,0,0,0,0,0
2.37586381606429,0,1,1,1,1,1,1,0,0,1,1,0,0,0,1
2.37807694799528,1,1,1,1,1,1,1,1,0,0,0,0,0,0,1
2.38748184657856,1,1,1,1,0,0,0,1,0,0,0,0,0,0,0
2.3910017813741,1,1,1,1,1,1,1,1,0,0,0,0,0,0,0
2.40549176556204,1,1,1,1,1,1,1,0,0,1,1,0,0,0,0
2.41448732206719,1,1,1,1,1,1,0,0,0,0,0,0,1,0,0
2.41633337558404,1,1,1,1,1,1,0,0,0,0,0,0,0,0,0
2.43056861192344,1,1,1,1,1,1,0,0,0,0,0,0,0,0,0
2.43510891754352,1,1,0,1,0,0,0,0,0,0,0,0,0,0,0
2.43618659896109,0,1,1,1,0,1,1,0,1,1,0,0,0,0,0
2.43849820800373,1,1,1,1,1,0,0,1,0,0,0,0,0,0,0
2.43922888603543,1,1,1,1,1,1,0,1,0,0,0,0,0,0,0
2.4416512343216,1,1,1,1,1,1,0,1,0,0,1,0,0,0,0
2.44275919490446,1,1,1,1,1,1,1,0,0,1,0,0,0,0,0
2.45044067581473,1,1,1,1,1,1,0,0,0,0,0,0,0,0,0
2.45267209034644,1,1,1,1,0,0,0,0,0,0,0,0,0,0,0
2.45759203272184,1,1,1,1,1,1,1,0,1,0,1,0,0,0,0
2.47061826780977,1,1,1,1,1,1,1,1,0,0,0,0,0,0,0
2.47678483415538,1,0,1,1,0,0,0,0,0,0,0,0,0,1,0
2.48063739195847,1,1,1,1,0,1,1,0,0,1,0,0,0,0,0
2.48287684326172,1,1,1,1,1,1,0,0,0,0,0,0,0,0,0
2.4846443145439,1,1,1,1,1,1,1,0,0,1,0,0,0,0,0
2.4911806698084,1,1,1,0,1,1,0,1,0,0,0,0,0,0,0
2.49547375031238,1,1,1,1,1,1,1,0,0,1,0,0,0,0,0
2.49903185386508,1,1,1,1,1,1,0,1,0,0,0,0,0,0,0
2.4991923799281,1,1,1,1,1,1,1,1,0,0,0,0,0,0,0
2.50050871009282,1,1,1,1,0,1,1,0,0,1,0,0,0,1,1
2.50500451014282,1,1,1,1,1,1,0,1,0,0,0,0,0,0,0
2.51405279286567,0,1,1,1,0,1,1,0,0,0,1,0,0,0,0
2.51418464250475,0,1,1,1,1,1,1,1,0,0,1,0,0,0,0
2.52073606877518,1,1,1,1,0,1,1,0,1,0,0,0,0,0,0
2.52081875634334,1,1,1,1,0,1,0,0,0,0,0,0,0,0,0
2.52213400001684,1,1,1,1,1,0,0,1,0,0,0,0,0,0,0
2.52655470496183,1,1,1,1,1,0,0,1,0,0,0,0,0,1,0
2.53055818123251,1,0,1,1,0,0,0,1,0,0,0,0,0,0,0
2.53317085301894,1,1,1,1,1,1,0,1,0,0,0,0,0,0,0
2.53441060785097,1,1,1,1,1,0,0,0,0,0,0,0,0,0,0
2.53531294447759,1,1,1,1,1,1,0,1,0,0,0,0,0,0,0
2.54357507648168,0,1,0,1,1,1,0,1,0,0,0,0,0,0,0
2.54571881628276,1,1,1,0,0,1,0,0,0,0,0,0,0,0,0
2.54798028994373,1,1,1,1,1,1,0,0,0,0,0,0,0,0,0
2.55398842137873,1,1,0,1,1,1,1,1,0,0,0,0,0,0,0
2.55535180489123,0,1,0,1,1,1,1,1,0,0,0,0,0,0,0
2.56005923629311,1,1,1,1,1,1,0,1,0,0,0,0,0,0,0
2.57867025164156,1,1,1,1,1,1,1,0,1,1,0,0,0,0,0
2.5901841836984,1,1,1,1,1,0,0,1,0,0,0,0,0,0,0
2.59398825682495,1,1,1,1,0,1,0,0,0,0,0,0,0,0,0
2.59499219975641,1,1,1,1,1,1,1,1,0,0,0,0,0,0,0
2.59842663304906,1,1,0,0,1,1,1,1,1,1,0,0,0,1,0
2.5991505330375,1,1,1,1,1,1,1,1,0,0,0,0,0,0,0
2.60255303433946,1,1,1,1,1,1,0,1,0,0,0,0,0,0,0
2.60419837003986,1,1,1,1,1,0,0,0,0,0,0,0,0,0,0
2.61148397574118,1,1,1,1,1,1,1,0,0,1,1,0,0,0,0
2.6130282069442,1,1,1,0,1,1,1,0,0,0,0,0,0,0,0
2.62169099658512,1,1,1,1,1,1,1,0,0,0,0,0,0,0,0
2.62569614377592,1,1,1,1,1,1,0,1,0,0,0,0,0,0,0
2.62586397655815,1,1,1,1,1,1,0,0,0,0,0,0,0,0,0
2.62874582510812,1,1,1,1,0,1,1,0,0,0,1,0,0,0,0
2.6310950356615,1,1,1,1,1,1,0,1,0,0,0,0,0,0,0
2.63343002287797,1,1,1,1,1,1,0,1,0,0,0,0,0,0,0
2.63542854620993,1,1,1,1,1,1,1,0,0,1,1,0,0,0,0
2.63751304132712,1,1,1,1,0,0,1,0,1,1,0,0,0,1,0
2.63944524420832,0,1,1,1,1,1,1,1,0,0,0,0,0,0,0
2.64126767673339,1,1,1,0,1,1,1,1,0,1,1,0,0,0,0
2.64217409314153,1,1,1,1,1,1,1,0,1,0,0,0,0,0,0
2.64307949111116,1,0,1,1,0,0,0,0,0,0,0,1,0,0,0
2.64700533613643,1,1,1,1,0,1,0,0,0,0,0,0,0,0,0
2.65028767213531,1,1,1,1,1,1,1,1,0,0,0,0,0,0,0
2.67010901659799,1,1,1,1,1,0,0,1,0,0,0,0,0,0,0
2.68056198192199,1,1,1,1,0,1,0,0,0,0,0,0,0,0,0
2.68253779832202,1,1,0,1,1,1,1,1,1,0,0,1,0,0,0
2.6903951657552,1,1,1,1,1,1,0,1,0,0,0,0,0,0,0
2.69463210480799,1,1,1,1,1,0,0,0,0,0,0,0,0,0,0
2.70542266138403,1,1,1,1,1,0,0,0,0,0,0,0,0,0,0
2.7087273896118,1,1,1,1,1,1,1,1,0,0,0,0,0,0,0
2.71319225097612,1,1,1,1,1,1,1,1,0,0,0,0,0,0,0
2.71416565529322,1,1,1,1,1,0,0,1,0,0,0,0,0,0,0
2.72626423084436,1,1,0,1,1,1,1,1,0,1,0,0,0,0,0
2.74234133076734,1,1,0,1,1,1,1,1,0,0,1,0,0,0,1
2.76727426119766,1,1,1,1,1,1,1,0,0,1,1,0,0,0,0
2.79899478273254,1,1,0,1,1,1,0,0,0,0,0,0,0,0,0
2.80491809534299,1,1,1,1,1,1,1,1,0,0,1,0,0,0,0
2.81151880881528,1,1,1,1,1,1,1,1,0,0,0,0,0,0,0
2.81581326669561,1,1,1,1,0,1,1,0,0,0,0,0,0,0,0
2.81756982807334,0,1,1,1,1,1,1,1,0,0,0,0,0,0,0
2.81903159636197,1,1,1,1,1,1,1,1,0,0,0,0,0,0,0
2.83226546124619,1,1,1,0,1,0,0,1,0,0,0,0,0,0,0
2.83384304870605,1,1,1,1,1,1,0,1,0,0,0,0,0,0,0
2.85696216005526,1,1,1,1,1,1,0,0,0,0,0,0,0,0,0
2.85899575283988,1,1,1,1,1,1,0,1,0,0,0,0,0,0,0
2.86081487686948,1,1,1,1,0,1,1,0,0,0,0,0,0,0,0
2.86309270475454,1,1,1,1,1,1,0,0,0,0,0,0,0,0,0
2.87217717243282,1,1,1,1,1,1,1,1,0,0,0,0,0,0,0
2.87249513445659,1,0,1,1,0,0,0,0,0,0,0,0,0,0,0
2.88590377155471,1,1,1,1,1,1,1,1,0,0,1,0,0,0,0
2.89022194625973,1,1,1,1,1,1,1,0,1,1,0,0,0,0,0
2.90454935602757,1,1,1,0,1,1,1,1,0,0,0,0,0,0,0
2.91030212767275,1,1,0,1,1,0,0,0,0,0,0,0,0,0,0
2.91230127818344,1,0,1,1,0,0,1,0,0,0,0,0,1,0,0
2.91582271361638,1,1,1,1,1,0,0,1,0,0,0,0,0,0,0
2.91584996707356,1,1,1,1,1,1,1,0,1,0,0,1,0,0,0
2.92450273149083,1,1,1,1,1,1,1,1,0,0,0,0,0,0,0
2.92946554845949,1,1,1,1,0,1,0,0,0,0,0,0,0,0,0
2.95194225671096,1,0,1,1,0,0,0,0,0,0,1,0,0,0,0
2.97192338512368,1,1,1,1,0,1,1,0,0,1,0,0,0,1,1
2.97305791107721,1,1,1,1,1,1,0,1,0,0,0,0,0,0,0
2.97702957819444,1,1,1,1,1,1,0,1,0,0,0,0,0,0,0
2.97919481252997,1,1,1,1,1,1,1,1,1,0,0,0,0,0,0
2.99234711278128,1,0,1,1,0,0,0,0,0,0,0,0,0,0,0
2.99704209575821,1,0,1,1,0,1,1,1,0,1,0,0,0,0,0
2.99891383884667,1,1,1,1,1,0,0,1,0,0,0,0,0,0,0
3.00986246793542,1,1,1,1,1,1,0,0,0,0,0,0,0,0,0
3.01223184743614,1,1,1,1,1,1,0,0,0,0,0,0,0,0,0
3.02038013631064,1,1,1,1,1,1,0,0,0,0,0,0,0,0,0
3.02203017975242,1,1,1,1,1,1,1,0,0,1,0,0,0,0,0
3.05739694080688,1,0,1,1,0,0,0,0,0,0,0,0,0,0,0
3.05807005330147,1,1,1,1,1,1,0,1,0,0,0,0,0,0,0
3.08618292456992,1,1,1,1,1,1,1,1,0,0,0,0,0,0,0
3.0868186503158,1,1,1,1,1,1,0,1,0,0,0,0,0,0,0
3.08944413156106,1,1,1,1,1,1,1,0,0,0,0,0,0,0,0
3.08998019503146,1,1,1,1,1,1,0,1,0,0,0,1,1,0,0
3.09043584981857,1,1,1,1,0,1,1,0,1,0,1,0,0,0,0
3.09877451927659,1,1,1,1,1,1,0,0,0,0,0,0,0,0,0
3.09893756627028,1,1,1,1,1,1,1,0,0,1,0,0,0,0,0
3.10636060410415,1,1,1,1,1,1,0,1,0,0,0,0,0,0,0
3.10746986418987,1,1,1,1,1,1,1,1,0,0,1,0,0,0,0
3.11033154618982,1,1,1,1,1,1,0,1,0,0,0,0,0,0,0
3.11098834834273,1,1,1,1,1,0,0,1,0,0,0,0,0,0,0
3.11704156440263,1,1,1,1,1,1,1,1,0,0,0,0,0,0,0
3.13180465587296,1,1,1,1,1,0,0,1,0,0,0,0,0,0,0
3.13317877914848,1,1,1,1,1,1,0,0,0,1,0,0,0,1,1
3.13936019485855,1,1,1,1,1,1,1,1,0,1,0,0,0,0,0
3.14771824800247,1,1,1,1,1,1,0,0,0,0,0,1,0,0,0
3.14970815362506,1,1,1,1,1,1,1,1,0,0,0,0,0,0,0
3.16516238580857,1,1,0,1,1,1,1,0,1,0,0,0,0,0,0
3.16532594806821,1,1,1,1,1,1,0,0,0,0,0,1,0,0,0
3.16589557095298,1,1,1,1,1,1,1,0,0,1,0,0,0,0,1
3.17213752091374,1,1,1,1,1,0,0,0,0,0,0,0,0,0,0
3.19054206187953,1,1,1,1,1,1,0,1,0,0,0,0,0,0,0
3.20056266034854,1,1,1,1,1,1,0,1,0,0,0,0,0,0,0
3.21216803286468,1,1,1,1,0,1,0,0,0,0,0,0,0,0,0
3.21233629332038,1,1,1,1,0,1,1,0,0,0,1,0,0,0,0
3.22376232059725,1,1,1,0,0,1,1,0,0,1,1,0,0,1,0
3.26958663831149,1,1,1,1,1,1,1,0,0,1,0,0,0,0,0
3.28415493264195,1,1,1,1,1,1,0,0,0,0,0,0,0,0,0
3.31303494211503,1,1,1,1,0,1,0,0,0,0,0,0,0,0,1
3.31439077841192,1,1,1,0,1,1,1,0,0,0,0,0,0,0,0
3.31862816276899,1,1,1,1,1,1,1,1,0,0,1,0,0,0,0
3.32475583395516,1,1,1,1,1,0,0,0,0,0,0,0,0,1,0
3.34506882811695,1,1,1,1,1,1,1,0,0,0,1,0,0,0,1
3.35035407742877,1,1,1,1,1,1,1,1,0,0,0,0,0,0,0
3.35075948421583,1,1,1,1,0,0,0,0,0,0,0,0,0,0,0
3.35360766130879,1,1,1,1,1,0,0,1,0,0,0,0,0,0,0
3.35514101134714,1,1,1,1,1,1,1,0,0,1,1,0,0,0,0
3.35595173298201,1,1,1,1,1,1,1,1,0,0,0,0,0,0,0
3.39503516389958,1,1,1,1,1,1,0,1,0,0,0,0,0,0,0
3.39532556140739,1,1,1,1,0,1,0,0,0,0,0,0,0,0,0
3.41247722976179,1,1,1,1,1,1,1,1,0,0,1,0,0,0,0
3.41565717575886,1,1,1,1,1,1,0,1,0,0,0,0,0,0,0
3.42652909631085,1,1,1,1,1,1,0,0,0,0,0,0,0,0,0
3.42951262189154,1,1,1,1,1,1,1,1,0,0,0,0,0,0,0
3.43250281330042,1,1,1,1,1,1,1,1,0,0,0,0,0,0,0
3.43582905884577,1,1,1,1,0,1,1,0,1,0,1,0,0,0,0
3.43781691970827,0,1,1,1,1,1,0,1,0,0,0,0,0,0,0
3.46036502452947,1,1,1,1,1,1,1,0,0,0,0,0,0,0,1
3.47097760140579,1,1,0,1,1,1,0,1,0,0,0,0,0,0,0
3.50369242816348,1,1,0,1,1,1,1,1,1,0,1,0,0,0,0
3.50662729159614,1,1,1,1,1,1,1,1,1,0,0,0,0,0,0
3.53021554809205,1,1,1,1,1,1,1,1,0,0,0,0,0,0,0
3.55242141593372,1,1,1,1,1,1,1,1,0,0,0,0,0,0,0
3.55545291001412,1,1,1,1,0,1,1,0,1,0,0,1,1,0,0
3.5700792590942,1,1,1,1,1,1,0,1,0,0,0,0,0,0,0
3.57905943807792,1,1,1,1,1,1,0,1,0,0,0,1,0,0,0
3.5913520193641,1,1,1,1,1,0,0,1,0,0,0,0,0,0,0
3.61433057057415,1,1,1,1,1,1,0,1,0,0,0,0,0,0,0
3.63298680632983,1,1,1,1,0,0,0,0,0,1,0,0,0,1,1
3.64902039972647,1,1,1,1,1,1,0,1,0,0,0,0,0,0,0
3.65254427153904,1,1,1,1,1,1,1,0,0,0,1,0,0,0,0
3.66548474023723,1,1,1,1,0,1,1,0,1,0,0,0,0,0,0
3.67941382131748,1,1,1,1,1,1,0,0,0,0,0,0,0,0,0
3.68448156921818,1,1,1,1,1,1,0,1,0,0,0,0,0,0,0
3.6968046554892,1,1,0,1,1,1,1,1,1,0,0,1,0,0,0
3.73718785824875,1,1,1,1,0,1,0,0,0,0,0,0,0,0,0
3.74597227495829,1,1,1,1,0,1,0,0,0,0,0,0,0,0,0
3.78393351613091,1,1,1,1,0,0,0,0,0,0,0,0,0,0,0
3.78530422619442,1,1,1,1,0,1,1,1,0,0,0,0,0,0,0
3.81407149856076,1,1,1,1,0,0,0,0,0,0,0,0,0,0,0
3.86426411522151,1,1,1,1,1,1,0,0,0,0,0,0,0,0,0
3.89787961191274,1,1,1,1,1,1,0,1,0,0,0,0,0,0,0
3.901238266619,1,1,1,1,1,1,1,0,0,1,1,0,0,0,0
3.91703524025219,1,1,1,1,1,1,0,1,0,0,0,0,1,0,0
3.91984009125432,1,1,1,1,1,1,1,1,1,0,0,0,0,0,0
3.95825800814271,1,1,1,1,1,1,0,1,0,0,0,0,0,0,0
3.98037986957115,1,1,1,1,1,1,1,1,0,0,0,0,0,0,0
3.98067307499808,1,1,1,1,0,1,0,0,0,0,0,0,0,0,0
3.98474417610812,1,1,1,1,1,0,0,1,0,0,0,0,0,0,0
4.0048763223141,1,1,1,1,1,1,1,1,1,0,0,0,0,0,0
4.03154308989145,1,1,1,1,1,1,0,1,0,0,0,0,0,0,0
4.04003272017938,1,1,1,1,1,1,1,1,1,0,0,0,0,0,0
4.06427941428943,1,1,1,1,1,1,0,0,0,0,0,0,0,0,0
4.06462442765287,1,1,1,1,1,1,0,1,0,0,0,0,0,0,0
4.08106698685322,1,1,1,1,1,1,1,1,0,0,1,0,0,0,0
4.10319472901185,1,1,1,1,1,1,1,1,0,0,1,0,0,0,0
4.10725491340311,1,1,1,1,1,1,1,0,0,1,1,0,0,0,0
4.10866977592326,1,1,1,1,1,1,0,1,0,0,0,0,0,0,0
4.10982805333468,1,1,1,1,1,1,1,0,0,0,0,0,0,0,1
4.11321446643816,0,1,1,1,1,1,1,0,1,1,0,0,0,0,0
4.11516332860758,1,1,1,1,0,1,1,0,0,1,1,0,0,0,0
4.15954729280676,1,1,1,1,1,1,0,1,0,0,0,0,0,0,0
4.16655203570619,1,1,1,1,1,1,1,1,0,1,0,0,0,0,0
4.17045525568595,1,1,1,1,1,1,0,1,0,0,1,0,0,0,0
4.18617398046063,1,1,1,1,1,1,0,0,0,0,0,0,0,0,0
4.19724424997176,1,1,1,1,1,1,0,1,0,0,0,1,0,1,0
4.20179857991075,1,1,1,1,1,1,0,1,0,0,0,0,1,0,0
4.22578168405213,1,1,1,1,1,1,0,1,0,0,0,0,0,0,0
4.25742080209451,1,1,1,1,1,1,1,0,0,1,0,0,0,0,0
4.26439886752093,1,1,1,1,1,1,1,1,0,1,0,0,0,0,0
4.27165133087435,1,1,1,1,1,1,1,1,0,0,0,0,0,0,0
4.28892723974371,0,1,1,1,1,0,0,1,1,0,0,1,1,0,0
4.30370005552722,1,1,1,1,1,1,1,1,0,1,0,0,0,0,0
4.31237546539259,1,1,1,1,1,1,0,1,0,0,0,0,1,0,0
4.32234713582604,1,1,1,1,1,1,1,0,0,1,1,0,0,0,0
4.39134657522675,1,1,1,0,1,1,0,1,0,0,0,0,0,0,0
4.39667763664526,1,1,1,1,1,1,0,1,0,0,0,0,0,0,1
4.43767431488135,1,1,1,1,1,1,1,1,0,0,1,0,0,0,0
4.44526844134972,1,1,1,1,1,1,0,0,0,0,0,1,0,0,0
4.44875579511873,1,1,1,1,1,1,1,1,0,0,1,0,0,0,0
4.48044328818186,1,1,1,1,1,1,1,1,1,0,0,0,0,0,0
4.50021724924808,1,1,0,1,1,1,1,0,0,1,0,0,0,1,1
4.50103493222662,1,1,1,1,1,1,1,1,0,0,1,0,0,0,0
4.51939474573245,1,0,1,1,0,0,0,0,0,0,0,0,0,0,0
4.56638254143467,1,1,1,1,1,0,0,1,0,0,1,0,0,0,0
4.59169606891986,1,1,1,1,1,1,0,1,0,0,0,0,0,0,0
4.60153628889317,1,1,1,1,0,1,1,0,0,1,0,1,0,1,0
4.60168542627088,1,1,1,1,1,1,1,1,0,0,0,0,0,0,0
4.65035504346924,1,1,1,1,1,1,1,1,0,0,0,0,0,0,0
4.66167016613387,1,1,1,1,1,1,1,1,0,0,0,0,0,0,0
4.66296823864152,1,1,1,1,1,1,1,1,0,0,0,0,0,0,0
4.67004130184914,1,1,1,1,1,1,0,1,0,0,0,0,0,0,0
4.71647796073554,1,1,1,1,1,1,0,1,0,0,0,0,0,0,0
4.72504300795241,1,1,1,1,1,1,0,1,0,0,0,0,0,0,0
4.82006672004435,1,1,1,1,1,1,1,1,0,0,1,0,0,0,0
4.8362562256092,1,1,1,1,1,1,1,1,0,0,1,0,0,0,0
4.86008781985007,1,1,1,1,0,1,1,0,0,1,1,0,0,0,1
4.87387055178278,1,1,1,1,1,0,0,1,0,0,0,1,0,0,0
4.92166951866583,1,1,1,1,0,0,0,0,0,0,0,0,0,0,0
5.0018413466521,1,1,1,1,1,1,1,1,0,0,1,0,0,0,0
5.00431871736454,1,1,1,1,1,1,0,1,0,0,1,0,0,0,0
5.04293928786886,1,1,1,1,1,1,1,1,0,0,0,0,0,0,0
5.07177357658454,1,1,1,1,1,0,0,1,0,0,0,0,0,1,0
5.10282875689,1,1,1,1,0,0,0,0,0,0,0,0,0,0,0
5.19182442743778,1,1,1,1,1,1,1,1,0,0,0,0,0,0,0
5.24177257960927,1,1,1,1,1,1,0,1,0,0,0,0,0,0,0
5.26402375332334,1,1,1,1,1,1,1,1,1,0,0,0,0,0,0
5.29961153726202,1,0,1,1,0,0,0,0,0,0,0,0,0,0,0
5.39724651015763,1,1,1,1,0,1,0,0,0,0,0,0,0,0,0
5.40454451443407,1,1,1,1,1,1,1,0,0,1,0,0,0,0,0
5.53414828037932,1,1,1,1,1,1,1,1,1,0,0,0,0,0,0
5.72585821028498,1,1,1,1,1,1,1,1,1,0,0,0,0,0,0
5.75445428388772,1,1,1,1,1,1,0,1,0,0,0,0,0,0,0
5.80316612806269,1,1,1,1,0,1,1,0,0,0,0,0,0,0,0
5.81386699849407,1,1,1,1,1,1,1,1,0,0,0,0,0,0,0
5.89656791169286,1,1,1,1,0,1,1,0,0,0,1,0,0,0,0
6.52002220276638,1,1,1,1,1,1,1,1,0,0,1,0,0,0,0
6.5858830325108,1,1,1,1,1,1,1,1,1,0,0,0,0,0,0
6.92847038950543,1,1,1,1,1,1,1,1,0,1,0,0,0,0,0
7.2646317104321,1,1,1,1,1,1,1,1,0,0,0,0,0,0,0
7.56151791782936,1,1,1,1,1,1,1,1,0,1,0,0,0,0,0
